Workbook

Sheet Hoja1
A1: N° punto | B1: eje_x | C1: eje_y | D1: distancia (cm)
A2: 1 | B2: 3 | C2: 14 | D2: 60
A3: 2 | B3: 23 | C3: 14 | D3: 26
A4: 3 | B4: 32 | C4: 9 | D4: 31
A5: 4 | B5: 35 | C5: 18 | D5: 16
A6: 5 | B6: 35 | C6: 4 | D6: 15
A7: 6 | B7: 14 | C7: 6 | D7: 28
A8: 7 | B8: 38 | C8: 16 | D8: 24
A9: 8 | B9: 3 | C9: 11 | D9: 74
A10: 9 | B10: 13 | C10: 2 | D10: 50
A11: 10 | B11: 19 | C11: 0 | D11: 35
A12: 11 | B12: 5 | C12: 3 | D12: 35
A13: 12 | B13: 8 | C13: 16 | D13: 45
... A21: 20 | B21: 33 | C21: 1 | D21: 12
D22: =+AVERAGE(D2:D21) -> 46.75 | E22: =+D22/100 -> 0.4675 | F22: =1.6667*E22 -> 0.77918225
D24: densidad | E24: =1/(POWER(1.6667*E22, 2)) -> 1.6471073 | F24: =1/POWER(F22,2) -> 1.6471073

Sheet Hoja2
A1: distancia
A2: 149
A3: 30
A4: 20
A5: 7
A6: 70
A7: 180
A8: 12
A9: 164
A10: 276
A11: 43
A12: 17
A13: 63
... A21: 64
A22: =+AVERAGE(A2:A21) -> 91 | B22: =2*A22 -> 182
B23: =1/POWER(B22, 2) -> 3.0189591e-05

Sheet Hoja3

Sheet Hoja4
B1: Método 3
B2: Cuadrante 1 | C2: Cuadrante 2 | D2: Cuadrante 3 | E2: Cuadrante 4 | F2: Promedio
B3: 1.49 | C3: 4.25 | D3: 3.05 | E3: 1.82 | F3: =AVERAGE(B3:E3) -> 2.6525
B4: 0.31 | C4: 0.43 | D4: 0.3 | E4: 0.36 | F4: =AVERAGE(B4:E4) -> 0.35
B5: 0.2 | C5: 0.35 | D5: 0.38 | E5: 0.35 | F5: =AVERAGE(B5:E5) -> 0.32
B6: 0.07 | C6: 0.16 | D6: 0.42 | E6: 0.5 | F6: =AVERAGE(B6:E6) -> 0.2875
B7: 2.48 | C7: 0.7 | D7: 3.15 | E7: 1.4 | F7: =AVERAGE(B7:E7) -> 1.9325
B8: 1.8 | C8: 5.91 | D8: 2.28 | E8: 2.2 | F8: =AVERAGE(B8:E8) -> 3.0475
B9: 0.9 | C9: 0.99 | D9: 0.12 | E9: 0.2 | F9: =AVERAGE(B9:E9) -> 0.5525
B10: 2.21 | C10: 1.64 | D10: 2.9 | E10: 5.34 | F10: =AVERAGE(B10:E10) -> 3.0225
B11: 3.92 | C11: 4.12 | D11: 2.93 | E11: 2.76 | F11: =AVERAGE(B11:E11) -> 3.4325
B12: 0.64 | C12: 0.43 | D12: 0.7 | E12: 0.48 | F12: =AVERAGE(B12:E12) -> 0.5625
B13: 1.41 | C13: 0.9 | D13: 0.17 | E13: 0.38 | F13: =AVERAGE(B13:E13) -> 0.715
B14: 0.63 | C14: 5.02 | D14: 0.8 | E14: 0.79 | F14: =AVERAGE(B14:E14) -> 1.81
... B22: 1.94 | C22: 0.64 | D22: 1.77 | E22: 4.64 | F22: =AVERAGE(B22:E22) -> 2.2475
B23: Promedio
B24: =AVERAGE(Hoja4!B3:B22) -> 1.471 | C24: =AVERAGE(Hoja4!C3:C22) -> 1.96 | D24: =AVERAGE(Hoja4!D3:D22) -> 1.5395 | E24: =AVERAGE(Hoja4!E3:E22) -> 1.6675 | F24: =AVERAGE(Hoja4!F3:F22) -> 1.6595
B25: d | C25: A | D25: D | F25: D
B26: =AVERAGE(Hoja4!B24:E24) -> 1.6595 | C26: 1 | D26: =C26/(B26*B26) -> 0.36311608 | F26: =1/(F24*F24) -> 0.36311608
